﻿Designator,Footprint,Quantity,Value,LCSC Part #
"C1, C10, C11, C12, C13, C14, C15, C16, C17, C18, C19, C2, C20, C21, C22, C24, C25, C27, C29, C3, C4, C5, C6, C7, C8, C9",0603,26,0.1uF,
"C23, C26",0603,2,1uF,
C28,0603,1,15pF,
"C30, C31",0603,2,2.2uF,
"D1, D2, D3",LED_WS2812B_PLCC4_5.0x5.0mm_P3.2mm,3,WS2812B,
FB1,0603,1,FerriteBead,
"J1, J2, J4",PinSocket_1x02_P2.54mm_Vertical,3,Power from PowerBoard,
J10,JST_PH_B4B-PH-K_1x04_P2.00mm_Vertical,1,UnitV02,
"J11, J9",PinHeader_1x03_P2.54mm_Vertical,2,GH-S37D,
"J12, J14",JST_ZH_B3B-ZR_1x03_P1.50mm_Vertical,2,NeoPixel,
"J13, J15",JST_ZH_S4B-ZR-SM4A-TF_1x04-1MP_P1.50mm_Horizontal,2,LoadCell,
J3,CONN14_3220-14_CNC,1,ST-Link,
J5,JST_PH_B4B-PH-K_1x04_P2.00mm_Vertical,1,Com from BackBoard,
J6,JST_PH_B7B-PH-K_1x07_P2.00mm_Vertical,1,to TileBoard,
J7,PinSocket_1x04_P2.54mm_Vertical,1,to LidarBoard,
J8,JST_PH_B4B-PH-K_1x04_P2.00mm_Vertical,1,UnitV01,
"Q1, Q2, Q3, Q4",SOT-23,4,BSS138,
"R1, R10, R15, R16, R2, R3, R5, R6, R7, R8, R9",0603,11,10k,
"R11, R14, R17, R20",0603,4,1M,
"R12, R13, R18, R19",0603,4,20,
R4,0603,1,0,
SW1,SW_SKRPACE010,1,RESET_SWITCH,
SW2,SSSS213202,1,MODE_SWITCH,
"U1, U3",PinHeader_1x05_P2.54mm_Vertical,2,VL53L0X,
U2,SOT-23-5,1,Sit2001B,
U4,LQFP-176_24x24mm_P0.5mm,1,STM32H747IGT6,
U5,AE-BNO055-BO,1,AE-BNO055-BO,
"U6, U7",SOT-23-5,2,NJU77551F,
