﻿Designator,Footprint,Quantity,Value,LCSC Part #
BT1,AMASS_XT30PW-F_1x02_P2.50mm_Horizontal,1,Battery,
C32,0402,1,10uF,
C33,0402,1,22uF,
C34,0805,1,2.2uF,
C35,0603,1,470pF,
"C36, C45",0603,2,4.7uF,
"C37, C38, C39, C40, C41, C42, C43, C44, C59, C60",0603,10,0.1uF,
C46,0603,1,15pF,
"C47, C48, C49, C50, C51, C53, C54, C55, C56, C57",0402,10,0.1uF,
"C52, C58",0402,2,1uF,
"D4, D5, D6",LED_WS2812B_PLCC4_5.0x5.0mm_P3.2mm,3,WS2812B,
F1,0451Series_LTF,1,Fuse,
J16,AMASS_XT30U-F_1x02_P5.0mm_Vertical,1,Power to TopBoard,
J17,JST_PH_B4B-PH-K_1x04_P2.00mm_Vertical,1,Comm to TopBoard,
J18,PinSocket_1x08_P2.54mm_Vertical,1,Conn_01x08_Socket,
J19,CONN14_3220-14_CNC,1,ST-Link,
J20,USB_C_Receptacle_G-Switch_GT-USB-7010ASV,1,USB_C_Receptacle_USB2.0_16P,
LS1,PKLCS1212E4001R1,1,PKLCS1212E4001-R1,
"M1, M2, M3, M4",JST_XH_B3B-XH-A_1x03_P2.50mm_Vertical,4,STS3032,
MES1,JST_XH_B2B-XH-A_1x02_P2.50mm_Vertical,1,Voltmeter_DC,
Q5,TO-252-2,1,TJ15S06M3L,
"Q6, Q7",SOT-23,2,BSS138,
"R21, R22, R23, R24, R25, R26",0603,6,10k,
"R27, R30, R31, R32, R33, R35",0603,6,2.2k,
"R28, R29",0402,2,20,
R34,0603,1,1k,
SW3,GW-12LWP,1,GW-12LWP,
"SW4, SW7",SW_SKRPACE010,2,RESET_SWITCH,
SW5,SSSS213202,1,MODE_SWITCH,
SW6,SW_100SP1T1B4M2QE,1,START_SWITCH,
SW8,SW_SKRPACE010,1,BOOT_STRAP_SWITCH,
"U10, U11",PinHeader_1x05_P2.54mm_Vertical,2,VL53L0X,
U12,LQFP-64_10x10mm_P0.5mm,1,STM32F446RET6,
U13,SOT-23-5,1,Sit2001B,
U14,QFN-56-1EP_7x7mm_P0.4mm_EP3.2x3.2mm,1,RP2040,
U15,SOIC-8_3.9x4.9mm_P1.27mm,1,MAX3485,
U16,SOIC-8_5.23x5.23mm_P1.27mm,1,W25Q128JVS,
U8,SOT-23-5,1,MIC5219-5.0YM5-TR,
U9,DIODES_AZ1117CH-3.3TRG1_0,1,AZ1117CH-3.3TRG1,AZ1117CH-3.3TRG1
