﻿Designator,Footprint,Quantity,Value,LCSC Part #
A1,PHODET_RPR-220,1,RPR-220,
BT1,AMASS_XT30PW-F_1x02_P2.50mm_Horizontal,1,Battery,
"C1, C10, C11, C12, C13, C14, C15, C16, C17, C18, C19, C2, C20, C21, C22, C24, C25, C27, C29, C3, C4, C47, C48, C49, C5, C53, C55, C56, C6, C64, C65, C66, C67, C68, C69, C7, C70, C71, C74, C8, C9",0402,41,0.1uF,
"C23, C26, C52, C58, C61, C62",0402,6,1uF,
"C28, C72",0402,2,15pF,
"C30, C31",0402,2,2.2uF,
C32,0603,1,10uF,
C33,0603,1,22uF,
C34,0805,1,2.2uF,
C35,0603,1,470pF,
"C36, C45",0603,2,4.7uF,
"C37, C38, C39, C40, C41, C42, C43, C44, C50, C51, C54, C57, C59, C60",0603,14,0.1uF,
C46,0603,1,15pF,
"C63, C73",0402,2,4.7uF,
C75,0402,1,22uF,
"C76, C77",0402,2,10uF,
C78,CP_EIA-7343-15_Kemet-W,1,22uF,
"D1, D10, D11, D2, D3, D4, D5, D6, D8, D9",LED_WS2812B_PLCC4_5.0x5.0mm_P3.2mm,10,WS2812B,
D7,0603,1,LED,
F1,0451Series_LTF,1,Fuse,
FB1,0603,1,FerriteBead,
"J1, J2, J4",PinSocket_1x02_P2.54mm_Vertical,3,Power from PowerBoard,
J10,JST_PH_B4B-PH-K_1x04_P2.00mm_Vertical,1,UnitV02,
"J11, J9",PinHeader_1x03_P2.54mm_Vertical,2,GH-S37D,
"J12, J14",JST_ZH_S4B-ZR-SM4A-TF_1x04-1MP_P1.50mm_Horizontal,2,LoadCell,
"J13, J15",JST_ZH_B3B-ZR_1x03_P1.50mm_Vertical,2,NeoPixel,
J16,AMASS_XT30U-F_1x02_P5.0mm_Vertical,1,Power to TopBoard,
J17,JST_PH_B4B-PH-K_1x04_P2.00mm_Vertical,1,Comm to TopBoard,
J18,PinSocket_1x08_P2.54mm_Vertical,1,Conn_01x08_Socket,
"J19, J24, J3",CONN14_3220-14_CNC,3,ST-Link,
"J20, J21",USB_C_Receptacle_G-Switch_GT-USB-7010ASV,2,USB_C_Receptacle_USB2.0_16P,
J22,PinHeader_1x04_P2.54mm_Vertical,1,to TopBoard,
J23,JST_PH_S4B-PH-K_1x04_P2.00mm_Horizontal,1,LIDAR,
J25,JST_PH_B7B-PH-K_1x07_P2.00mm_Vertical,1,to TopBoard,
"J26, J27, J28",PinHeader_1x02_P2.54mm_Vertical,3,Power to TopBoard,
J29,AMASS_XT30U-F_1x02_P5.0mm_Vertical,1,Power from BackBoard,
J5,JST_PH_B4B-PH-K_1x04_P2.00mm_Vertical,1,Com from BackBoard,
J6,JST_PH_B7B-PH-K_1x07_P2.00mm_Vertical,1,to TileBoard,
J7,PinSocket_1x04_P2.54mm_Vertical,1,to LidarBoard,
J8,JST_PH_B4B-PH-K_1x04_P2.00mm_Vertical,1,UnitV01,
LS1,PKLCS1212E4001R1,1,PKLCS1212E4001-R1,
"M1, M2, M3, M4",JST_XH_B3B-XH-A_1x03_P2.50mm_Vertical,4,STS3032,
MD1,MURATA_OKL-T-6-W12N-C_0,1,OKL-T_6-W12N-C,OKL-T/6-W12N-C
MES1,JST_XH_B2B-XH-A_1x02_P2.50mm_Vertical,1,Voltmeter_DC,
"Q1, Q2, Q3, Q4, Q6, Q7, Q8",SOT-23,7,BSS138,
Q5,TO-252-2,1,TJ15S06M3L,
"R1, R12, R13, R15, R16, R2, R3, R37, R38, R39, R40, R5, R6, R7, R8",0402,15,10k,
"R10, R11, R18, R19, R28, R29",0402,6,20,
"R14, R17, R20, R9",0402,4,1M,
"R21, R22, R23, R24, R25, R26",0603,6,10k,
"R27, R30, R31, R32, R33, R35",0603,6,2.2k,
R34,0603,1,1k,
R36,0402,1,R,
R4,0402,1,0,
R41,0402,1,100,
R42,0402,1,100k,
R43,0402,1,20k,
R44,0402,1,1.2k,
R45,0402,1,1k,
R46,0402,1,330,
R47,0402,1,10,
"SW1, SW4, SW7, SW9",SW_SKRPACE010,4,RESET_SWITCH,
"SW10, SW2, SW5",SSSS213202,3,MODE_SWITCH,
"SW11, SW12",SW_Push_1P1T_NO_6x6mm_H9.5mm,2,TC-06104-043E,
SW3,GW-12LWP,1,GW-12LWP,
SW6,SW_100SP1T1B4M2QE,1,START_SWITCH,
SW8,SW_SKRPACE010,1,BOOT_STRAP_SWITCH,
"U1, U10, U11, U3",PinHeader_1x05_P2.54mm_Vertical,4,VL53L0X,
"U12, U19",LQFP-64_10x10mm_P0.5mm,2,STM32F446RET6,
"U13, U18, U2",SOT-23-5,3,Sit2001B,
U14,QFN-56-1EP_7x7mm_P0.4mm_EP3.2x3.2mm,1,RP2040,
U15,SOIC-8_3.9x4.9mm_P1.27mm,1,MAX3485,
U16,SOIC-8_5.23x5.23mm_P1.27mm,1,W25Q128JVS,
U17,TSOT-23-5,1,RT9080-33GJ5,
U20,S11059,1,S11059,
U21,TO-263-3_TabPin2,1,LT1085CM-3.3#PBF,
U4,LQFP-176_24x24mm_P0.5mm,1,STM32H747IGT6,
U5,AE-BNO055-BO,1,AE-BNO055-BO,
"U6, U7",SOT-23-5,2,NJU77551F,
U8,SOT-23-5,1,MIC5219-5.0YM5-TR,
U9,DIODES_AZ1117CH-3.3TRG1_0,1,AZ1117CH-3.3TRG1,AZ1117CH-3.3TRG1
