﻿Designator,Footprint,Quantity,Value,LCSC Part #
"C70, C78",0402,2,1uF,
"C71, C82",0402,2,4.7uF,
"C72, C73, C74, C75, C76, C77, C79, C80",0402,8,0.1uF,
C81,0402,1,15pF,
"D7, D8",LED_WS2812B_PLCC4_5.0x5.0mm_P3.2mm,2,WS2812B,
J19,PinHeader_1x04_P2.54mm_Vertical,1,to TopBoard,
J20,JST_PH_S4B-PH-K_1x04_P2.00mm_Horizontal,1,LIDAR,
J21,CONN14_3220-14_CNC,1,ST-Link,
Q8,SOT-23,1,BSS138,
"R39, R40, R41",0402,3,10k,
SW10,SSSS213202,1,MODE_SWITCH,
"SW11, SW12",SW_Push_1P1T_NO_6x6mm_H9.5mm,2,TC-06104-043E,
SW9,SW_SKRPACE010,1,RESET_SWITCH,
U19,TSOT-23-5,1,RT9080-33GJ5,
U20,SOT-23-5,1,Sit2001B,
U21,LQFP-64_10x10mm_P0.5mm,1,STM32F446RET6,
