﻿Designator,Footprint,Quantity,Value,LCSC Part #
A1,PHODET_RPR-220,1,RPR-220,
BT1,AMASS_XT30PW-F_1x02_P2.50mm_Horizontal,1,Battery,
C41,0402,1,10uF,
C42,0402,1,22uF,
C43,0805,1,2.2uF,
C44,0402,1,470pF,
"C45, C54, C71, C82",0402,4,4.7uF,
"C46, C47, C48, C49, C50, C51, C52, C53, C68, C72, C73, C74, C75, C76, C77, C79, C80, C83",0402,18,0.1uF,
"C55, C81",0402,2,15pF,
"C56, C57, C58, C59, C60, C62, C63, C64, C65, C66, C69",0201,11,0.1uF,
"C61, C67",0201,2,1uF,
"C70, C78",0402,2,1uF,
"D10, D4, D5, D6, D7, D8, D9",LED_WS2812B_PLCC4_5.0x5.0mm_P3.2mm,7,WS2812B,
F1,0451Series_LTF,1,Fuse,
J14,AMASS_XT30U-F_1x02_P5.0mm_Vertical,1,Power to TopBoard,
J15,JST_PH_B4B-PH-K_1x04_P2.00mm_Vertical,1,Comm to TopBoard,
J16,PinSocket_1x08_P2.54mm_Vertical,1,Conn_01x08_Socket,
"J17, J21",CONN14_3220-14_CNC,2,ST-Link,
J18,USB_C_Receptacle_G-Switch_GT-USB-7010ASV,1,USB_C_Receptacle_USB2.0_16P,
J19,PinHeader_1x04_P2.54mm_Vertical,1,to TopBoard,
J20,JST_PH_S4B-PH-K_1x04_P2.00mm_Horizontal,1,LIDAR,
J22,JST_PH_B7B-PH-K_1x07_P2.00mm_Vertical,1,to TopBoard,
LS1,PKLCS1212E4001R1,1,PKLCS1212E4001-R1,
"M1, M2, M3, M4",JST_XH_B3B-XH-A_1x03_P2.50mm_Vertical,4,STS3032,
MES1,JST_XH_B2B-XH-A_1x02_P2.50mm_Vertical,1,Voltmeter_DC,
Q5,TO-252-2,1,TJ15S06M3L,
"Q6, Q7, Q8",SOT-23,3,BSS138,
"R26, R27, R28, R29, R39, R40, R41",0402,7,10k,
"R30, R33, R34, R35, R36, R38",0402,6,2.2k,
"R31, R32",0201,2,20,
R37,0402,1,1k,
R42,0402,1,100,
R43,0402,1,100k,
"SW10, SW5",SSSS213202,2,MODE_SWITCH,
"SW11, SW12",SW_Push_1P1T_NO_6x6mm_H9.5mm,2,TC-06104-043E,
SW3,GW-12LWP,1,GW-12LWP,
"SW4, SW7, SW9",SW_SKRPACE010,3,RESET_SWITCH,
SW6,SW_100SP1T1B4M2QE,1,START_SWITCH,
SW8,SW_SKRPACE010,1,BOOT_STRAP_SWITCH,
U10,SOT-23-5,1,MIC5219-5.0YM5-TR,
U11,DIODES_AZ1117CH-3.3TRG1_0,1,AZ1117CH-3.3TRG1,AZ1117CH-3.3TRG1
"U12, U13",PinHeader_1x05_P2.54mm_Vertical,2,VL53L0X,
"U14, U21",LQFP-64_10x10mm_P0.5mm,2,STM32F446RET6,
"U15, U20",SOT-23-5,2,Sit2001B,
U16,QFN-56-1EP_7x7mm_P0.4mm_EP3.2x3.2mm,1,RP2040,
U17,SOIC-8_3.9x4.9mm_P1.27mm,1,MAX3485,
U18,SOIC-8_5.23x5.23mm_P1.27mm,1,W25Q128JVS,
U19,TSOT-23-5,1,RT9080-33GJ5,
U22,S11059,1,S11059,
